symbol,origIndustry,newIndustry
A.N,5610101010,5610101010
AAL.O,5240601011,5240601011
AAP.N,5340301014,5340301014
AAPL.O,5710602011,5710602011
ABBV.N,5620104010,5620104010
ABC.N,5610102010,5610122010
ABMD.O,5610101010,5610101010
ABNB.O,5720103010,5720133010
ABT.N,5610102010,5610122010
ACGL.O,5530102010,5530102010
ACN.N,5720101010,5720101010
ADBE.O,5720102012,5720122012
ADI.O,5710101010,5710101010
ADM.N,5410202010,5410202010
ADP.O,5720101010,5720101010
ADSK.O,5720102012,5720122012
AEE.N,5910401010,5910401010
AEP.N,5910101010,5910101010
AES.N,5910101010,5910101010
AFL.N,5530103010,5530103010
AIG.N,5530102010,5530102010
AIZ.N,5530102010,5530102010
AJG.N,5530101012,5530101012
AKAM.O,5720101010,5720101010
ALB.N,5110103010,5110103010
ALGN.O,5610102010,5610122010
ALK.N,5240601010,5240601010
ALL.N,5530102010,5530102010
ALLE.N,5710201012,5710201012
AMAT.O,5710102011,5710102011
AMCR.N,5130201014,5130201014
AMD.O,5710101010,5710101010
AME.N,5210203010,5210203010
AMGN.O,5620104010,5620104010
AMP.N,5510202010,5510222010
AMT.N,6010204010,6010204010
AMTM.N,5720101010,5720101010
AMZN.O,5340201013,5340201013
ANET.N,5710201010,5710201010
ANSS.O,5720102012,5720122012
ANTM.N,5610202010,5610202010
AON.N,5530101012,5530101012
AOS.N,5210203015,5210203015
APA.N,5010202010,5010202010
APD.N,5110101015,5110101015
APH.N,5710401014,5710401014
APO.N,5550105010,5550105010
APP.O,5720102012,5720122012
APTV.N,5310102010,5310102010
ARE.N,6010202010,6010202010
ARES.N,5510202011,5510222011
ATO.N,5910201010,5910201010
ATVI.O,5720103016,5720133016
AVB.N,6010203010,6010203010
AVGO.O,5710101010,5710101010
AVY.N,5130201010,5130201010
AWK.N,5910301011,5910301011
AXON.O,5210101010,5210101010
AXP.N,5510103012,5510133012
AZO.N,5340301014,5340301014
BA.N,5210101012,5210101012
BAC.N,5510101010,5510101010
BAX.N,5610102010,5610122010
BBWI.N,5340309012,5340309012
BBY.N,5340305010,5340305010
BDX.N,5610102010,5610122010
BEN.N,5510202011,5510222011
BFb.N,5410102010,5410102010
BG.N,5410202010,5410202010
BHGE.N,5010302010,5010302010
BIIB.O,5620104012,5620104012
BIO.N,5610102010,5610122010
BK.N,5510202010,5510222010
BLDR.N,5320302010,5320302010
BLK.N,5510202010,5510222010
BLL.N,5130201010,5130201010
BMY.N,5620104010,5620104010
BR.N,5220307012,5220307012
BRKb.N,5440101010,5440101010
BRO.N,5530101012,5530101012
BSX.N,5610101010,5610101010
BWA.N,5310102010,5310102010
BX.N,5510202011,5510222011
BXP.N,6010202020,6010202020
C.N,5510201010,5510201010
CAG.N,5410202010,5410202010
CAH.N,5620104018,5620104018
CARR.N,5210203015,5210203015
CAT.N,5210202011,5210202011
CB.N,5530101010,5530101010
CBG.N,6010102010,6010102010
CBOE.O,5510205010,5510205010
CCI.N,6010204010,6010204010
CCL.N,5330101012,5330101012
CDAY.N,5720102013,5720122013
CDNS.O,5720102010,5720122010
CDW.O,5710701010,5710701010
CE.N,5110103010,5110103010
CEG.O,5910101010,5910101010
CF.N,5110102011,5110102011
CFG.N,5510101010,5510101010
CHD.N,5420101010,5420101010
CHRW.O,5240503010,5240503010
CHTR.O,5740101010,5740101010
CI.N,5610202010,5610202010
CIEN.N,5710201010,5710201010
CINF.O,5530102010,5530102010
CL.N,5420102010,5420102010
CLX.N,5420101010,5420101010
CMA.N,5510101010,5510101010
CMCSA.O,5740102030,5740102030
CME.O,5510205011,5510205011
CMG.N,5330102013,5330102013
CMI.N,5310102012,5310102012
CMS.N,5910401010,5910401010
CNC.N,5610202010,5610202010
CNP.N,5910401010,5910401010
COF.N,5510103012,5510133012
COG.N,5010202010,5010202010
COH.N,5340304010,5340344010
COIN.O,5730103010,5730103010
COO.N,5610102016,5610122016
COP.N,5010202010,5010202010
COST.O,5340202010,5340202010
CPB.N,5410202010,5410202010
CPRT.O,5720103013,5720133013
CPT.N,6010203010,6010203010
CRH.N,5120201010,5120201010
CRL.N,5620201010,5620201010
CRM.N,5720101015,5720101015
CRWD.O,5720102018,5720122018
CSCO.O,5710201010,5710201010
CSGP.O,5720103010,5720133010
CSX.N,5240503011,5240503011
CTAS.O,5220304010,5220304010
CTL.N,5740101010,5740101010
CTLT.N,5620104010,5620104010
CTSH.O,5720101010,5720101010
CTVA.N,5110102010,5110102010
CTXS.O,5720102010,5720122010
CVNA.N,5340301012,5340301012
CVS.N,5610201010,5610201010
CVX.N,5010201010,5010201010
CZR.O,5330103010,5330103010
D.N,5910101010,5910101010
DAL.N,5240601010,5240601010
DASH.O,5720103010,5720133010
DD.N,5110109010,5110109010
DDOG.O,5720102012,5720122012
DE.N,5210202015,5210202015
DECK.N,5320203010,5320203010
DELL.N,5710601010,5710601010
DFS.N,5510101010,5510101010
DG.N,5340202010,5340202010
DGX.N,5610201010,5610201010
DHI.N,5320301010,5320301010
DHR.N,5610101010,5610101010
DIS.N,5330202010,5330202010
DISH.O,5330202013,5330202013
DLR.N,6010204010,6010204010
DLTR.O,5340202012,5340202012
DOV.N,5210201010,5210211010
DOW.N,5110109010,5110109010
DOW_new.N,5110101011,5110101011
DPZ.N,5330102013,5330102013
DRE.N,6010202040,6010202040
DRI.N,5330102010,5330102010
DTE.N,5910101010,5910101010
DUK.N,5910101010,5910101010
DVA.N,5610201010,5610201010
DVN.N,5010202010,5010202010
DXC.N,5720101010,5720101010
DXCM.O,5610102010,5610122010
EA.O,5720102012,5720122012
EBAY.O,5720103013,5720133013
ECL.N,5110103010,5110103010
ED.N,5910101010,5910101010
EFX.N,5220307010,5220307010
EIX.N,5910101010,5910101010
EL.N,5420102010,5420102010
EME.N,5220102010,5220102010
EMN.N,5110103010,5110103010
EMR.N,5210203010,5210203010
ENPH.O,5020101013,5020101013
EOG.N,5010202010,5010202010
EPAM.N,5720101010,5720101010
EQIX.O,6010204010,6010204010
EQR.N,6010203010,6010203010
EQT.N,5010202010,5010202010
ERIE.O,5530102010,5530102010
ES.N,5910101010,5910101010
ESS.N,6010203010,6010203010
ETN.N,5210203010,5210203010
ETR.N,5910101010,5910101010
ETSY.O,5340201013,5340201013
EW.N,5610101010,5610101010
EXC.N,5910101010,5910101010
EXE.O,5010202010,5010202010
EXPD.O,5240501010,5240501010
EXPE.O,5330104014,5330104014
EXR.N,6010204040,6010204040
F.N,5310101010,5310101010
FANG.O,5010202010,5010202010
FAST.O,5210201024,5210211024
FB.O,5720103012,5720133012
FBHS.N,5320302010,5320302010
FCX.N,5120105010,5120105010
FDS.N,5220307010,5220307010
FDX.N,5240501010,5240501010
FE.N,5910101010,5910101010
FFIV.O,5720101010,5720101010
FICO.N,5720102013,5720122013
FIS.N,5730101010,5730101010
FISV.O,5220304027,5220304027
FITB.O,5510101011,5510101011
FIX.N,5220102010,5220102010
FLT.N,5220304027,5220304027
FMC.N,5110102010,5110102010
FOXA.O,5330202011,5330202011
FRC.N,5510101011,5510101011
FRT.N,6010202010,6010202010
FSLR.O,5020101013,5020101013
FTNT.O,5720102018,5720122018
FTV.N,5210201010,5210211010
GD.N,5210101010,5210101010
GDDY.N,5720101010,5720101010
GE.N,5210101010,5210101010
GEHC.O,5610101010,5610101010
GEN.O,5720102018,5720122018
GEV.N,5910101010,5910101010
GILD.O,5620104010,5620104010
GIS.N,5410202010,5410202010
GLW.N,5710401013,5710401013
GM.N,5310101010,5310101010
GNRC.N,5210203018,5210203018
GOOG.O,5720103011,5720133011
GOOGL.O,5720103011,5720133011
GPC.N,5310102017,5310102017
GPN.N,5220304027,5220304027
GRMN.O,5710201010,5710201010
GS.N,5510201010,5510201010
GWW.N,5210201024,5210211024
HAL.N,5010302010,5010302010
HAS.O,5320501010,5320501010
HBAN.O,5510101010,5510101010
HCA.N,5610201010,5610201010
HCN.N,6010204020,6010204020
HCP.N,6010204020,6010204020
HD.N,5340302010,5340302010
HES.N,5010202010,5010202010
HIG.N,5530101010,5530101010
HII.N,5210101010,5210101010
HLT.N,5330101010,5330101010
HOLX.O,5610101010,5610101010
HON.N,5440101010,5440101010
HOOD.O,5730101010,5730101010
HPE.N,5710601010,5710601010
HPQ.N,5710601010,5710601010
HRL.N,5410202016,5410202016
HSIC.O,5610102015,5610122015
HST.N,6010204030,6010204030
HSY.N,5410202010,5410202010
HUBB.N,5210203010,5210203010
HUM.N,5610202010,5610202010
HWM.N,5210101014,5210101014
IBKR.O,5510201012,5510201012
IBM.N,5720101010,5720101010
ICE.N,5510205010,5510205010
IDXX.O,5610102018,5610122018
IEX.N,5210201015,5210211015
IFF.N,5410202026,5410202026
ILMN.O,5610101010,5610101010
INCY.O,5620104012,5620104012
INTC.O,5710101010,5710101010
INTU.O,5730101010,5730101010
INVH.N,6010203010,6010203010
IP.N,5130202010,5130202010
IPG.N,5330201010,5330201010
IR.N,5210201010,5210211010
IRM.N,6010204010,6010204010
ISRG.O,5610101010,5610101010
IT.N,5720101010,5720101010
ITW.N,5440101010,5440101010
IVZ.N,5510202010,5510222010
JBHT.O,5240503012,5240503012
JBL.N,5710401014,5710401014
JCI.N,5210203015,5210203015
JEC.N,5220304010,5220304010
JKHY.O,5720101010,5720101010
JNJ.N,5620104010,5620104010
JNPR.N,5710201010,5710201010
JPM.N,5510101010,5510101010
K.N,5410202010,5410202010
KDP.O,5410103010,5410103010
KEY.N,5510101010,5510101010
KEYS.N,5710401012,5710401012
KIM.N,6010202030,6010202030
KKR.N,5510202011,5510222011
KLAC.O,5710102012,5710102012
KMB.N,5420102013,5420102013
KMI.N,5010303010,5010303010
KMX.N,5340301012,5340301012
KO.N,5410103010,5410103010
KR.N,5430102010,5430102010
KRFT.O,5410202010,5410202010
KVUE.N,5420102010,5420102010
L.N,5530102010,5530102010
LDOS.N,5720101010,5720101010
LEN.N,5320301011,5320301011
LH.N,5610201010,5610201010
LHX.N,5210101010,5210101010
LII.N,5210203015,5210203015
LIN.N,5110101015,5110101015
LKQ.O,5310102017,5310102017
LLY.N,5620104010,5620104010
LMT.N,5210101012,5210101012
LNC.N,5530103010,5530103010
LNT.N,5910101010,5910101010
LOW.N,5340302010,5340302010
LRCX.O,5710102010,5710102010
LULU.O,5320202010,5320202010
LUV.N,5240601011,5240601011
LVS.N,5330103013,5330103013
LW.N,5410202010,5410202010
LYB.N,5110101010,5110101010
LYV.N,5330203013,5330203013
MA.N,5720103015,5720133015
MAA.N,6010203010,6010203010
MAR.O,5330101010,5330101010
MAS.N,5320302010,5320302010
MCD.N,5330102013,5330102013
MCHP.O,5710101010,5710101010
MCK.N,5620104018,5620104018
MCO.N,5220307013,5220307013
MDLZ.O,5410202010,5410202010
MDT.N,5610102010,5610122010
MET.N,5530103010,5530103010
MGM.N,5330103013,5330103013
MHK.N,5320404011,5320404011
MKC.N,5410202010,5410202010
MKTX.O,5510205010,5510205010
MLM.N,5120201010,5120201010
MMC.N,5530101010,5530101010
MMM.N,5440101010,5440101010
MNST.O,5410103013,5410103013
MO.N,5410203013,5410203013
MOH.N,5610202010,5610202010
MOS.N,5110102011,5110102011
MPC.N,5010203010,5010233010
MPWR.O,5710101010,5710101010
MRK.N,5620104010,5620104010
MRNA.O,5620104012,5620104012
MRO.N,5010202010,5010202010
MS.N,5510201010,5510201010
MSCI.N,5220307010,5220307010
MSFT.O,5720102010,5720122010
MSI.N,5710201010,5710201010
MTB.N,5510101010,5510101010
MTCH.O,5720103012,5720133012
MTD.N,5710501014,5710501014
MU.O,5710101010,5710101010
NCLH.O,5330101012,5330101012
NDAQ.O,5510205010,5510205010
NDSN.O,5210201012,5210211012
NEE.N,5910101010,5910101010
NEM.N,5120106011,5120106011
NFLX.O,5720103010,5720133010
NI.N,5910401010,5910401010
NKE.N,5320203014,5320203014
NLSN.N,5330201021,5330201021
NOC.N,5210101010,5210101010
NOW.N,5720102013,5720122013
NRG.N,5910101010,5910101010
NSC.N,5240503011,5240503011
NTAP.O,5710601017,5710601017
NTRS.O,5510202010,5510222010
NUE.N,5120102010,5120102010
NVDA.O,5710101010,5710101010
NVR.N,5320301011,5320301011
NWL.N,5320403010,5320403010
NWSA.O,5330204011,5330204011
NXPI.O,5710101010,5710101010
O.N,6010202010,6010202010
ODFL.O,5240503012,5240503012
OGN.N,5620104010,5620104010
OKE.N,5010303010,5010303010
OMC.N,5330201010,5330201010
ON.O,5710101010,5710101010
ORCL.N,5720102013,5720122013
ORLY.O,5340301014,5340301014
OTIS.N,5210204012,5210204012
OXY.N,5010202010,5010202010
PANW.O,5720102018,5720122018
PAYC.N,5720102013,5720122013
PAYX.O,5220303012,5220303012
PCAR.O,5210202010,5210202010
PCG.N,5910101010,5910101010
PCLN.O,5330104014,5330104014
PEG.N,5910401010,5910401010
PENN.O,5330103010,5330103010
PEP.N,5410103011,5410103011
PFE.N,5620104010,5620104010
PFG.N,5530103010,5530103010
PG.N,5420102010,5420102010
PGR.N,5530102012,5530102012
PH.N,5210201010,5210211010
PHM.N,5320301010,5320301010
PKG.N,5130202010,5130202010
PKI.N,5610101010,5610101010
PLD.N,6010202040,6010202040
PLTR.N,5720102010,5720122010
PM.N,5410203010,5410203010
PNC.N,5510101010,5510101010
PNR.N,5210201010,5210211010
PNW.N,5910101010,5910101010
PODD.O,5610102010,5610122010
POOL.O,5320502016,5320502016
PPG.N,5110101012,5110101012
PPL.N,5910401010,5910401010
PRU.N,5530103010,5530103010
PSA.N,6010204040,6010204040
PSX.N,5010203010,5010233010
PTC.O,5720102012,5720122012
PVH.N,5320202010,5320202010
PWR.N,5220102010,5220102010
PXD.N,5010202010,5010202010
PYPL.O,5220304027,5220304027
Q.N,5620201010,5620201010
QCOM.O,5710101010,5710101010
QRVO.O,5710101010,5710101010
QTY.N,5710101010,5710101010
RCL.N,5330101012,5330101012
RE.N,5530105012,5530105012
REG.N,6010202030,6010202030
REGN.O,5620104012,5620104012
RF.N,5510101010,5510101010
RHI.N,5220303010,5220303010
RJF.N,5510201010,5510201010
RL.N,5320202010,5320202010
RMD.N,5610101010,5610101010
ROK.N,5210203010,5210203010
ROL.N,5220304020,5220304020
ROP.N,5720102012,5720122012
ROST.O,5340304010,5340344010
RSG.N,5220301010,5220301010
RTX.N,5210101010,5210101010
SBAC.O,6010204010,6010204010
SBNY.O,5510101010,5510101010
SBUX.O,5330102010,5330102010
SCHW.N,5510201010,5510201010
SEDG.O,5020101013,5020101013
SEE.N,5130201010,5130201010
SHW.N,5110101012,5110101012
SIVB.O,5510101010,5510101010
SJM.N,5410202010,5410202010
SLB.N,5010302010,5010302010
SMCI.O,5710601016,5710601016
SNA.N,5210201010,5210211010
SNDK.O,5710601017,5710601017
SNPS.O,5720102010,5720122010
SO.N,5910101010,5910101010
SOLV.N,5610102010,5610122010
SPG.N,6010202030,6010202030
SPGI.N,5220307010,5220307010
SRE.N,5910401010,5910401010
STE.N,5610102010,5610122010
STLD.O,5120102010,5120102010
STT.N,5510202010,5510222010
STX.O,5710601010,5710601010
STZ.N,5410101010,5410101010
SWK.N,5210201010,5210211010
SWKS.O,5710101011,5710101011
SYF.N,5510103010,5510133010
SYK.N,5610102014,5610122014
SYY.N,5430102010,5430102010
T.N,5740102010,5740102010
TAP.N,5410101010,5410101010
TDG.N,5210101014,5210101014
TDY.N,5710401010,5710401010
TECH.O,5620201010,5620201010
TEL.N,5710401014,5710401014
TER.N,5710102012,5710102012
TFC.N,5510101010,5510101010
TFX.N,5610102010,5610122010
TGT.N,5340202010,5340202010
TJX.N,5340202013,5340202013
TKO.N,5330203010,5330203010
TMK.N,5530103011,5530103011
TMO.N,5610101010,5610101010
TMUS.O,5740102010,5740102010
TPL.N,5010202010,5010202010
TRGP.N,5010303010,5010303010
TRMB.O,5720102013,5720122013
TROW.O,5510202010,5510222010
TRV.N,5530102010,5530102010
TSCO.O,5340309010,5340309010
TSLA.O,5310101014,5310101014
TSN.N,5410202016,5410202016
TT.N,5210203015,5210203015
TTD.O,5720102010,5720122010
TTWO.O,5720102010,5720122010
TWTR.N,5720103012,5720133012
TXN.O,5710101010,5710101010
TXT.N,5210101012,5210101012
TYL.N,5720102010,5720122010
UAL.N,5240601010,5240601010
UBER.N,5720103010,5720133010
UDR.N,6010203010,6010203010
UHS.N,5610201010,5610201010
ULTA.O,5340309012,5340309012
UNH.N,5610202010,5610202010
UNP.N,5240503011,5240503011
UPS.N,5240501010,5240501010
URI.N,5220304018,5220304018
USB.N,5510101010,5510101010
V.N,5220304027,5220304027
VFC.N,5320202010,5320202010
VIAC.O,5330203011,5330203011
VICI.N,6010204030,6010204030
VLO.N,5010203010,5010233010
VLTO.N,5220301010,5220301010
VMC.N,5120201010,5120201010
VNO.N,6010202010,6010202010
VRSK.O,5720101013,5720101013
VRSN.O,5720101010,5720101010
VRTX.O,5620104010,5620104010
VST.N,5910101010,5910101010
VTR.N,6010204020,6010204020
VTRS.O,5620104010,5620104010
VZ.N,5740101010,5740101010
WAB.N,5210202014,5210202014
WAT.N,5610101010,5610101010
WBA.O,5430101010,5430101010
WBD.O,5330202011,5330202011
WDAY.O,5720102012,5720122012
WDC.O,5710601017,5710601017
WEC.N,5910101010,5910101010
WFC.N,5510101010,5510101010
WHR.N,5320403011,5320403011
WLTW.O,5530101012,5530101012
WM.N,5220301010,5220301010
WMB.N,5010303010,5010303010
WMT.N,5430102010,5430102010
WR.N,5910101010,5910101010
WRB.N,5530102010,5530102010
WRK.N,5130202010,5130202010
WSM.N,5340303010,5340303010
WST.N,5610102010,5610122010
WY.N,6010204050,6010204050
WYNN.O,5330103013,5330103013
XEL.N,5910101010,5910101010
XOM.N,5010203010,5010233010
XRAY.O,5610102010,5610122010
XYL.N,5210201010,5210211010
XYZ.N,5220304027,5220304027
YUM.N,5330102013,5330102013
ZBRA.O,5710401010,5710401010
ZION.O,5510101011,5510101011
ZMH.N,5610102010,5610122010
ZTS.N,5620104014,5620104014
